Fisher,Peggy,123,Main Street,Reedsville,PA,17094,pfisher@email.com
Knapp,Brian,89,Rainbow Ave,Lawrenceville,NJ,16702,bknapp@email.com
Hampton,Kyle,3517,Beach Drive,Carpinteria,CA,81345,khampton@email.com
Gates,Shirley,125,Logan Street,Houston,TX,75444,sgates1234@email.com
Williams,Terry,345,Second Street,Dallas,TX,75058,twilliams9876@email.com
Shilling,Jim,3450,Third Street,Hometown,ME,61542,jshillingIII@email.com
Vare,Caroline,23,1st Avenue,St. Louis,MS,30125,cvare@email.com
Paulson,Amy,460,Dune Street,Hollywood,FL,51452,apaulson12345@email.com
Young,Butch,971,Beech Street,Reading,PA,19405,byoung@email.com
Fox,Calvin,30,Betty Circle,Nashville,TN,23015,cfox@email.com
Cooper,William,2047,Delta Lane,Scicuate,MA,12066,wcooper@email.com
Murdoch,Julia,2100,Yorkshire Rd.,Cleveland,OH,44111,jmurdoch345@email.com
Crabtree,George,98,Lyndhurst Dr.,Cleveland,OH,40250,gcrabtree777@email.com
Khallil,Zharaa,617,Morgan Street,Phoenix,AR,65012,zkhallil@email.com
Whitehall,Karen,555,Hulu Road,Detroit ,MI,45050,kwhitehall@email.com
